{
  "best_k": 14,
  "numeric_cols": [
    "上牌量"
  ],
  "categorical_cols": [
    "车型",
    "城市",
    "级别",
    "指导价(万元)",
    "能源类型"
  ],
  "cost_by_k": {
    "5": 2284.4438699786283,
    "6": 2210.0692712798327,
    "7": 2203.408418949346,
    "8": 2185.7484007852545,
    "9": 2157.617018404256,
    "10": 2143.025212116215,
    "11": 2089.344914948509,
    "12": 2084.0960374212273,
    "13": 2099.7824955604924,
    "14": 2051.0342996866793,
    "15": 2066.003731770824
  },
  "note": "聚类使用归一化数据；numeric_profile_mixed 中仅“上牌量”为原始单位"
}